feature,importance
PT08.S2(NMHC),43.16436459924661
PT08.S3(NOx),7.354944054220492
NOx(GT),5.814737312242226
PT08.S4(NO2),5.810737473554008
NO2(GT),4.126156524987932
T,3.7510412648648583
CO(GT),2.6140628579735092
RH,2.131734355118282
PT08.S5(O3),1.0108584055327503
AH,0.8178422039724124
PT08.S1(CO),0.6522935437817267
