feature,importance
AH,2.0298945431935014
NMHC(GT),1.6210446938410237
RH,1.4003974757589959
NOx(GT),1.3253940062997516
PT08.S5(O3),1.20758603686341
PT08.S1(CO),1.0725622339999858
T,0.9711292247400275
PT08.S3(NOx),0.9184148631932285
NO2(GT),0.5910868925501885
PT08.S2(NMHC),0.23714308264200354
CO(GT),0.11646547690658733
PT08.S4(NO2),0.0
