feature,importance
PT08.S5(O3),1.7446219258277114
PT08.S3(NOx),1.6710854249063467
T,1.6140105942272152
NO2(GT),1.4018580608107218
PT08.S1(CO),1.337116903625284
PT08.S2(NMHC),1.3118125372053173
PT08.S4(NO2),1.2510907761163466
AH,1.2465033367437988
RH,1.2245214690786261
NOx(GT),1.0199470213094928
NMHC(GT),0.8075396052603938
CO(GT),0.7327474313989245
