feature,importance
RH,0.29943207583686027
NO2(GT),0.10687821235504456
PT08.S2(NMHC),0.09391501490972777
PT08.S5(O3),0.07302451632329335
T,0.07268543912683667
AH,0.07181925222424171
PT08.S4(NO2),0.0670898541644204
PT08.S3(NOx),0.0659339372527327
PT08.S1(CO),0.0524875484644894
NOx(GT),0.03933202077521174
CO(GT),0.028838048060072147
NMHC(GT),0.028564080507069368
