feature,importance
PT08.S2(NMHC),0.978052661858314
PT08.S4(NO2),0.005615794473602267
PT08.S5(O3),0.0026224186299236307
NO2(GT),0.0024067719479252993
T,0.002101729645139784
PT08.S1(CO),0.0020471425452383116
PT08.S3(NOx),0.0017598084857722237
AH,0.0016557781727983452
RH,0.0015210694713897817
NOx(GT),0.0012610936771387904
CO(GT),0.0009557310927575419
