feature,importance
PT08.S2(NMHC),0.9692177221506862
PT08.S4(NO2),0.005552555667186407
PT08.S5(O3),0.003339073677093881
T,0.0032836190937557633
RH,0.0030972696293069557
NO2(GT),0.00303141510830604
PT08.S1(CO),0.0029349366596798186
PT08.S3(NOx),0.002934685773300825
NOx(GT),0.0023183912522514185
AH,0.002246929064410085
CO(GT),0.0020434019240227535
