feature,importance
RH,0.3656624064509199
PT08.S4(NO2),0.12924537165974848
AH,0.12418100473761327
PT08.S3(NOx),0.05861126543783297
NO2(GT),0.058425252430748975
PT08.S5(O3),0.05645678400432835
PT08.S2(NMHC),0.051393126203319754
PT08.S1(CO),0.03581472048112679
CO(GT),0.0339297680768122
NOx(GT),0.03129028328433931
T,0.02985008275613759
NMHC(GT),0.02513993447707237
