feature,importance
PT08.S5(O3),1.7261096590557012
PT08.S3(NOx),1.655488090993143
T,1.599064297326647
NO2(GT),1.3963376404953718
PT08.S1(CO),1.3351477795080833
PT08.S2(NMHC),1.30695323417918
AH,1.2510878904350011
PT08.S4(NO2),1.2459694062525375
RH,1.2262688190884787
NOx(GT),1.0302123697096681
NMHC(GT),0.824800942132805
CO(GT),0.749528002327496
