feature,importance
PT08.S2(NMHC),48.11589936190433
PT08.S3(NOx),9.153322212433084
NOx(GT),4.702942027757521
T,4.217538120780246
NO2(GT),4.122605958746334
PT08.S4(NO2),3.55094005361172
CO(GT),2.8027067406279462
RH,1.9815196702315876
AH,1.8928477094177523
PT08.S1(CO),1.3020028667097172
PT08.S5(O3),0.05253385973387026
